No,자료시점,종로구,종로구,중구,중구,용산구,용산구,성동구,성동구,광진구,광진구,동대문구,동대문구,중랑구,중랑구,성북구,성북구,강북구,강북구,도봉구,도봉구,노원구,노원구,은평구,은평구,서대문구,서대문구,마포구,마포구,양천구,양천구,강서구,강서구,구로구,구로구,금천구,금천구,영등포구,영등포구,동작구,동작구,관악구,관악구,서초구,서초구,강남구,강남구,송파구,송파구,강동구,강동구
No,자료시점,원자료,전기대비증감률,원자료,전기대비증감률,원자료,전기대비증감률,원자료,전기대비증감률,원자료,전기대비증감률,원자료,전기대비증감률,원자료,전기대비증감률,원자료,전기대비증감률,원자료,전기대비증감률,원자료,전기대비증감률,원자료,전기대비증감률,원자료,전기대비증감률,원자료,전기대비증감률,원자료,전기대비증감률,원자료,전기대비증감률,원자료,전기대비증감률,원자료,전기대비증감률,원자료,전기대비증감률,원자료,전기대비증감률,원자료,전기대비증감률,원자료,전기대비증감률,원자료,전기대비증감률,원자료,전기대비증감률,원자료,전기대비증감률,원자료,전기대비증감률
1,2015년 1월,84.61,0.06,81.41,0.16,79.43,0,77.26,0.01,81.17,0.1,79.73,0.06,85.44,0.05,81.59,0.04,84.71,0,82.62,0.03,76.61,0.07,84.52,0,83.15,0.02,76.96,0.06,78.91,0.04,79.96,0.08,80.22,0.22,84.93,0.15,76.61,0.09,78.66,0.04,83.74,0.1,77.24,0.01,73.52,0.34,77.45,0.14,75.9,0.16
2,2015년 2월,84.64,0.03,81.59,0.22,79.49,0.07,77.51,0.32,81.32,0.18,79.87,0.18,85.5,0.08,81.66,0.09,84.75,0.05,82.71,0.11,76.93,0.41,84.67,0.18,83.23,0.1,76.98,0.03,79.09,0.23,80.03,0.08,80.35,0.16,84.97,0.05,76.71,0.12,78.74,0.1,83.75,0.01,77.5,0.33,73.96,0.59,77.59,0.18,76.32,0.55
3,2015년 3월,84.75,0.14,81.88,0.36,79.57,0.1,77.84,0.44,81.75,0.53,80.26,0.48,85.59,0.1,81.76,0.12,84.82,0.09,82.86,0.18,77.49,0.74,84.77,0.12,83.37,0.17,77.09,0.14,79.39,0.37,80.18,0.2,80.5,0.18,85.19,0.25,76.81,0.14,78.89,0.2,83.79,0.04,78.02,0.67,74.67,0.97,77.92,0.42,76.99,0.89
4,2015년 4월,84.94,0.22,82.13,0.31,79.68,0.14,78.26,0.53,82.21,0.56,80.55,0.37,85.65,0.07,81.95,0.23,84.89,0.07,83.02,0.19,78.41,1.19,84.96,0.22,83.66,0.35,77.26,0.22,79.85,0.58,80.67,0.61,81.05,0.69,85.47,0.34,77.16,0.46,79.18,0.37,84,0.26,78.65,0.81,75.26,0.78,78.38,0.59,77.99,1.3
5,2015년 5월,85.11,0.2,82.3,0.2,79.84,0.19,78.57,0.4,82.47,0.32,80.88,0.4,85.75,0.12,82.18,0.28,85.02,0.15,83.25,0.28,78.9,0.63,85.14,0.21,83.83,0.2,77.43,0.22,80.3,0.57,81.1,0.54,81.63,0.71,85.73,0.29,77.58,0.55,79.42,0.31,84.39,0.46,79.09,0.56,75.74,0.65,78.75,0.47,78.76,0.99
6,2015년 6월,85.5,0.45,82.51,0.25,80.06,0.27,78.94,0.47,82.76,0.35,81.3,0.52,85.86,0.13,82.5,0.4,85.14,0.15,83.53,0.35,79.45,0.7,85.43,0.35,84.08,0.3,77.76,0.43,80.81,0.64,81.51,0.5,82.27,0.78,86.05,0.38,78.03,0.57,79.73,0.38,84.65,0.3,79.67,0.74,76.41,0.87,79.16,0.53,79.36,0.75
7,2015년 7월,85.75,0.29,82.6,0.12,80.25,0.25,79.36,0.53,83,0.29,81.8,0.61,86.06,0.24,82.71,0.25,85.34,0.23,83.89,0.42,79.91,0.57,85.64,0.24,84.3,0.26,77.9,0.18,80.95,0.17,81.8,0.35,82.77,0.62,86.26,0.25,78.39,0.46,80,0.35,84.84,0.22,80.01,0.42,77.03,0.82,79.47,0.39,79.58,0.28
8,2015년 8월,85.83,0.1,82.75,0.18,80.44,0.23,79.93,0.71,83.42,0.5,82.19,0.48,86.25,0.22,82.91,0.24,85.47,0.15,84.3,0.49,80.41,0.63,85.82,0.22,84.47,0.2,78.1,0.25,81.19,0.29,82.12,0.4,83,0.27,86.44,0.2,78.61,0.29,80.19,0.23,85.03,0.22,80.44,0.53,77.58,0.71,79.74,0.33,79.98,0.51
9,2015년 9월,85.94,0.12,83.01,0.32,80.53,0.12,80.36,0.54,83.79,0.45,82.85,0.8,86.51,0.3,83.2,0.34,85.78,0.37,84.77,0.56,81,0.73,86.06,0.27,84.73,0.3,78.4,0.38,81.55,0.44,82.42,0.36,83.58,0.7,86.81,0.43,78.93,0.41,80.43,0.3,85.28,0.3,80.97,0.66,78.04,0.59,80,0.33,80.41,0.54
10,2015년 10월,86.09,0.18,83.3,0.35,80.73,0.25,80.94,0.72,84.38,0.71,83.55,0.85,86.89,0.44,83.55,0.43,86.21,0.5,85.08,0.36,81.52,0.65,86.3,0.28,85.03,0.36,78.72,0.41,81.81,0.32,82.84,0.51,84.04,0.54,87.06,0.29,79.33,0.5,80.65,0.27,85.65,0.43,81.39,0.52,78.37,0.42,80.4,0.49,80.86,0.56
11,2015년 11월,86.33,0.28,83.48,0.22,80.92,0.23,81.4,0.57,84.83,0.54,84.07,0.62,87.35,0.54,83.93,0.46,86.56,0.4,85.6,0.62,81.99,0.58,86.56,0.3,85.29,0.3,78.96,0.31,82.07,0.32,83.43,0.71,84.52,0.57,87.31,0.29,79.8,0.6,81.02,0.46,86.09,0.51,81.72,0.41,78.78,0.52,80.6,0.25,81.27,0.5
12,2015년 12월,86.37,0.05,83.65,0.2,81,0.1,81.66,0.31,85.2,0.43,84.43,0.44,87.63,0.32,84.13,0.23,86.78,0.26,85.91,0.36,82.23,0.3,86.64,0.1,85.42,0.15,79.13,0.21,82.36,0.35,83.84,0.49,84.91,0.46,87.55,0.28,80.13,0.41,81.37,0.43,86.31,0.25,82,0.34,79.01,0.3,80.79,0.24,81.27,0.01
13,2016년 1월,86.43,0.07,83.7,0.07,81.06,0.07,81.67,0.01,85.21,0.01,84.44,0.01,87.74,0.12,84.17,0.05,86.82,0.04,85.98,0.08,82.27,0.05,86.69,0.06,85.5,0.1,79.22,0.11,82.4,0.05,84.01,0.21,85,0.1,87.6,0.06,80.25,0.14,81.49,0.15,86.38,0.08,82.14,0.17,78.84,-0.22,80.77,-0.03,81.09,-0.22
14,2016년 2월,86.44,0.01,83.75,0.06,81.08,0.03,81.7,0.04,85.22,0.02,84.5,0.07,87.78,0.04,84.18,0,86.83,0.01,86.05,0.08,82.31,0.05,86.71,0.02,85.56,0.06,79.27,0.07,82.42,0.02,84.07,0.06,84.93,-0.08,87.64,0.05,80.21,-0.04,81.54,0.06,86.44,0.07,82.12,-0.03,78.69,-0.2,80.74,-0.04,80.97,-0.15
15,2016년 3월,86.45,0.01,83.78,0.04,81.11,0.04,81.74,0.04,85.22,-0.01,84.53,0.03,87.8,0.03,84.2,0.03,86.83,0,86.07,0.02,82.35,0.04,86.75,0.04,85.6,0.05,79.36,0.11,82.39,-0.04,84.1,0.04,84.88,-0.06,87.65,0.01,80.22,0,81.54,0,86.49,0.06,82.09,-0.03,78.66,-0.03,80.71,-0.04,80.9,-0.09
16,2016년 4월,86.47,0.03,83.84,0.07,81.2,0.11,81.8,0.08,85.24,0.03,84.6,0.09,87.84,0.04,84.22,0.02,86.87,0.05,86.16,0.11,82.4,0.06,86.84,0.11,85.67,0.08,79.42,0.07,82.32,-0.09,84.16,0.07,84.98,0.12,87.72,0.08,80.28,0.08,81.59,0.06,86.64,0.17,82.16,0.08,78.86,0.25,80.73,0.03,80.96,0.08
17,2016년 5월,86.53,0.07,83.9,0.08,81.3,0.12,81.85,0.06,85.27,0.03,84.68,0.09,87.91,0.09,84.29,0.08,86.9,0.04,86.22,0.07,82.44,0.05,86.98,0.16,85.83,0.19,79.53,0.14,82.32,0.01,84.3,0.16,85.12,0.16,87.82,0.11,80.43,0.19,81.69,0.11,86.79,0.17,82.36,0.25,79.29,0.55,80.81,0.09,81.16,0.25
18,2016년 6월,86.68,0.17,83.99,0.11,81.46,0.2,81.92,0.08,85.32,0.06,84.74,0.08,87.98,0.08,84.43,0.18,87,0.12,86.32,0.12,82.54,0.12,87.12,0.16,85.98,0.17,79.68,0.19,82.56,0.29,84.45,0.19,85.28,0.2,87.91,0.1,80.58,0.18,81.82,0.17,87,0.25,82.83,0.56,79.96,0.84,80.97,0.2,81.28,0.14
19,2016년 7월,86.82,0.17,84.09,0.12,81.68,0.27,81.95,0.04,85.42,0.12,84.85,0.13,88.01,0.03,84.58,0.18,87.16,0.19,86.42,0.12,82.71,0.21,87.29,0.2,86.14,0.19,79.91,0.29,82.77,0.26,84.68,0.27,85.49,0.24,87.99,0.1,80.84,0.32,82.02,0.24,87.19,0.21,83.12,0.35,80.46,0.63,81.09,0.15,81.47,0.24
20,2016년 8월,87,0.2,84.24,0.18,81.91,0.28,82.12,0.21,85.53,0.13,85,0.18,88.11,0.11,84.78,0.23,87.29,0.15,86.56,0.16,82.94,0.28,87.45,0.18,86.36,0.25,80.12,0.26,83.07,0.36,84.9,0.26,85.75,0.29,88.16,0.19,81,0.19,82.29,0.33,87.39,0.24,83.37,0.3,80.93,0.58,81.18,0.12,81.79,0.39
21,2016년 9월,87.17,0.2,84.39,0.17,82.14,0.28,82.29,0.2,85.63,0.11,85.12,0.14,88.17,0.06,84.97,0.23,87.42,0.15,86.7,0.16,83.18,0.29,87.59,0.16,86.55,0.22,80.33,0.26,83.39,0.39,85.12,0.26,85.98,0.27,88.33,0.19,81.24,0.3,82.51,0.28,87.57,0.2,83.59,0.27,81.49,0.69,81.35,0.2,82.13,0.41
22,2016년 10월,87.35,0.21,84.55,0.19,82.36,0.27,82.61,0.39,85.85,0.26,85.45,0.38,88.33,0.18,85.2,0.27,87.56,0.16,86.87,0.2,83.67,0.58,87.79,0.23,86.77,0.26,80.56,0.28,83.93,0.65,85.59,0.56,86.23,0.29,88.55,0.25,81.52,0.35,82.78,0.32,87.79,0.26,84.16,0.69,82.42,1.14,81.72,0.45,82.78,0.79
23,2016년 11월,87.51,0.18,84.75,0.24,82.56,0.24,82.91,0.36,86.11,0.31,85.66,0.26,88.52,0.22,85.4,0.23,87.79,0.26,87.12,0.29,84.24,0.68,87.97,0.21,86.99,0.25,80.77,0.26,84.36,0.51,86.08,0.56,86.51,0.33,88.73,0.21,81.88,0.44,83.05,0.33,88.13,0.39,84.44,0.32,82.68,0.32,81.99,0.33,83.06,0.33
24,2016년 12월,87.64,0.16,84.88,0.15,82.7,0.17,82.99,0.1,86.27,0.19,85.73,0.07,88.56,0.04,85.56,0.19,87.81,0.03,87.21,0.1,84.38,0.16,88.1,0.15,87.15,0.19,80.94,0.21,84.44,0.09,86.35,0.32,86.65,0.16,88.86,0.14,82.04,0.19,83.14,0.1,88.24,0.12,84.35,-0.1,82.57,-0.14,81.9,-0.1,83.01,-0.06
25,2017년 1월,87.74,0.12,84.93,0.06,82.8,0.13,82.98,-0.02,86.29,0.02,85.73,0,88.55,-0.01,85.66,0.12,87.81,0,87.21,-0.01,84.37,-0.01,88.21,0.12,87.28,0.15,81.07,0.17,84.47,0.03,86.48,0.15,86.69,0.05,88.89,0.04,82.11,0.09,83.17,0.05,88.3,0.07,84.29,-0.08,82.44,-0.16,81.82,-0.1,82.94,-0.08
26,2017년 2월,87.82,0.09,84.99,0.07,82.89,0.11,82.96,-0.02,86.29,0,85.73,0,88.56,0.01,85.68,0.02,87.8,-0.01,87.19,-0.03,84.38,0.01,88.29,0.09,87.32,0.05,81.19,0.15,84.45,-0.02,86.56,0.09,86.74,0.06,88.97,0.08,82.2,0.1,83.28,0.13,88.36,0.06,84.32,0.04,82.47,0.04,81.87,0.06,83.09,0.18
27,2017년 3월,87.95,0.14,85.11,0.14,83.09,0.24,82.99,0.04,86.33,0.05,85.76,0.03,88.59,0.03,85.74,0.07,87.81,0.01,87.22,0.04,84.42,0.05,88.42,0.15,87.49,0.19,81.41,0.27,84.46,0.01,86.76,0.23,86.88,0.16,89.09,0.14,82.37,0.21,83.44,0.18,88.48,0.14,84.49,0.21,82.71,0.29,82.01,0.18,83.13,0.06
28,2017년 4월,88.13,0.21,85.28,0.2,83.37,0.34,83.25,0.31,86.43,0.11,85.94,0.21,88.72,0.15,85.82,0.1,87.84,0.03,87.33,0.13,84.54,0.15,88.6,0.2,87.69,0.24,81.72,0.39,84.58,0.14,87.09,0.38,87.17,0.33,89.36,0.31,82.7,0.4,83.71,0.32,88.75,0.3,84.75,0.3,82.91,0.24,82.2,0.23,83.19,0.06
29,2017년 5월,88.29,0.18,85.48,0.24,83.69,0.38,83.67,0.51,86.68,0.3,86.29,0.4,88.93,0.24,85.84,0.02,87.95,0.12,87.56,0.26,84.89,0.41,88.84,0.27,87.94,0.28,82,0.33,84.92,0.4,87.58,0.56,87.47,0.34,89.65,0.33,83.13,0.52,84.07,0.43,89.03,0.31,85.05,0.35,83.28,0.46,82.47,0.33,83.6,0.5
30,2017년 6월,88.58,0.33,85.82,0.4,84.2,0.61,84.39,0.85,87.09,0.47,86.68,0.45,89.16,0.25,85.98,0.15,88.15,0.23,87.93,0.43,85.62,0.86,89.17,0.37,88.24,0.34,82.43,0.53,85.7,0.93,88.12,0.62,87.8,0.38,90.03,0.42,83.71,0.7,84.48,0.5,89.38,0.4,85.91,1.01,84.46,1.42,83.33,1.04,84.8,1.44
31,2017년 7월,88.89,0.36,86.21,0.45,84.62,0.5,84.99,0.71,87.43,0.39,86.97,0.33,89.4,0.26,86.21,0.27,88.27,0.13,88.22,0.33,86.51,1.03,89.47,0.33,88.51,0.32,82.81,0.46,86.07,0.43,88.51,0.45,88.1,0.34,90.3,0.31,84.18,0.56,84.83,0.41,89.75,0.41,86.28,0.43,84.72,0.3,83.59,0.3,84.97,0.2
32,2017년 8월,89.2,0.34,86.58,0.44,85.01,0.46,85.33,0.4,87.76,0.38,87.19,0.26,89.62,0.25,86.5,0.34,88.4,0.15,88.43,0.24,86.93,0.48,89.71,0.28,88.74,0.26,83.18,0.45,86.6,0.62,89.03,0.58,88.43,0.38,90.79,0.54,84.53,0.42,85.46,0.74,90.2,0.5,86.52,0.28,85.29,0.67,84.19,0.71,85.47,0.59
33,2017년 9월,89.38,0.21,86.82,0.28,85.15,0.16,85.21,-0.14,87.94,0.21,87.37,0.21,89.71,0.1,86.78,0.33,88.5,0.12,88.56,0.14,86.77,-0.18,89.83,0.13,88.89,0.17,83.38,0.24,86.6,-0.01,89.02,-0.01,88.55,0.14,90.92,0.14,84.69,0.19,85.53,0.08,90.31,0.13,86.41,-0.13,85.21,-0.09,84.26,0.09,85.35,-0.14
34,2017년 10월,89.57,0.21,87.09,0.3,85.28,0.16,85.31,0.11,88.24,0.34,87.54,0.19,89.83,0.14,87.08,0.34,88.65,0.17,88.68,0.14,86.83,0.07,89.93,0.12,89.06,0.19,83.51,0.16,86.74,0.16,89.11,0.1,88.73,0.2,91.11,0.21,84.91,0.26,85.7,0.2,90.41,0.11,86.46,0.07,85.47,0.31,85,0.88,85.63,0.33
35,2017년 11월,89.85,0.3,87.44,0.41,85.53,0.29,85.86,0.64,88.6,0.41,87.72,0.21,89.99,0.18,87.34,0.29,88.85,0.22,88.87,0.22,86.93,0.11,90.12,0.21,89.31,0.27,83.83,0.37,87.25,0.59,89.45,0.38,89.02,0.32,91.36,0.27,85.34,0.51,86.16,0.53,90.68,0.3,86.75,0.34,85.97,0.58,85.55,0.64,85.87,0.28
36,2017년 12월,90.16,0.35,87.82,0.43,85.83,0.35,86.96,1.29,89.37,0.87,87.91,0.22,90.2,0.23,87.67,0.39,89.11,0.29,89.03,0.18,87.07,0.16,90.28,0.18,89.56,0.29,84.13,0.36,88.42,1.34,89.66,0.23,89.24,0.26,91.48,0.13,86,0.77,86.51,0.41,90.79,0.12,87.69,1.08,87.14,1.36,86.83,1.5,86.67,0.93
37,2018년 1월,90.46,0.33,88.2,0.43,86.63,0.93,88.04,1.24,90.19,0.92,88.19,0.32,90.48,0.32,87.95,0.32,89.34,0.26,89.25,0.24,87.25,0.21,90.5,0.25,89.79,0.26,84.87,0.88,89.76,1.52,89.92,0.28,89.59,0.38,91.59,0.12,86.45,0.52,87.08,0.66,90.98,0.21,89.27,1.8,89.51,2.72,88.96,2.45,87.81,1.32
38,2018년 2월,90.97,0.56,88.99,0.9,88.19,1.8,89.37,1.52,90.95,0.84,88.57,0.43,90.72,0.26,88.56,0.69,89.54,0.23,89.46,0.24,87.51,0.3,90.83,0.36,90.34,0.61,86.21,1.58,90.69,1.03,90.63,0.79,90.11,0.59,91.71,0.13,87.14,0.81,87.75,0.77,91.3,0.35,91.02,1.95,91.23,1.93,90.39,1.6,89.81,2.28
39,2018년 3월,91.36,0.44,89.72,0.82,89.05,0.97,90.16,0.88,91.53,0.63,88.92,0.4,90.97,0.28,89.33,0.87,89.71,0.2,89.64,0.2,87.75,0.28,91.09,0.3,90.88,0.6,87.32,1.29,90.95,0.28,91.19,0.62,90.37,0.29,91.84,0.15,87.58,0.5,88.3,0.62,91.51,0.23,91.42,0.44,91.94,0.77,91.12,0.81,90.58,0.86
40,2018년 4월,91.73,0.4,90.17,0.5,89.43,0.43,90.33,0.19,91.83,0.33,89.26,0.38,91.14,0.18,89.72,0.44,89.88,0.18,89.77,0.15,87.77,0.02,91.31,0.24,91.36,0.52,87.93,0.69,90.9,-0.06,91.89,0.77,90.82,0.49,91.93,0.09,87.97,0.44,88.96,0.75,91.65,0.15,91.52,0.11,92.12,0.2,91.3,0.2,90.86,0.3
41,2018년 5월,92.03,0.34,90.6,0.48,89.78,0.39,90.3,-0.03,92.05,0.24,89.56,0.34,91.33,0.21,90.21,0.54,90.11,0.26,89.9,0.15,87.75,-0.02,91.57,0.28,91.81,0.5,88.46,0.6,90.86,-0.04,92.26,0.41,91.17,0.39,92.1,0.19,88.27,0.34,89.62,0.75,91.91,0.29,91.47,-0.06,91.99,-0.14,91.15,-0.16,90.82,-0.04
42,2018년 6월,92.38,0.37,91.06,0.51,90.08,0.33,90.46,0.18,92.08,0.04,89.99,0.47,91.73,0.45,90.65,0.49,90.42,0.34,90.11,0.23,87.83,0.09,91.9,0.36,92.37,0.6,88.98,0.59,90.85,-0.02,92.5,0.26,91.65,0.52,92.37,0.29,88.59,0.37,90.08,0.51,92.22,0.33,91.38,-0.1,91.74,-0.27,90.93,-0.25,91.01,0.21
43,2018년 7월,92.84,0.5,91.56,0.55,90.53,0.5,90.88,0.46,92.14,0.07,90.45,0.52,92.15,0.45,91.03,0.42,90.76,0.37,90.32,0.23,87.95,0.13,92.29,0.42,92.78,0.45,89.48,0.56,91.2,0.39,92.82,0.34,92.1,0.49,92.74,0.4,89.34,0.85,90.58,0.56,92.6,0.42,91.43,0.05,91.56,-0.2,90.85,-0.08,91.23,0.24
44,2018년 8월,93.32,0.52,92.39,0.91,91.68,1.27,91.58,0.78,92.28,0.15,91.15,0.77,92.42,0.3,91.59,0.61,91.21,0.5,90.7,0.42,88.37,0.48,93.03,0.81,93.3,0.56,90.53,1.17,91.91,0.77,93.37,0.59,92.43,0.37,93.1,0.39,90.36,1.14,91.41,0.91,92.93,0.35,91.9,0.52,92.16,0.66,91.41,0.61,91.72,0.53
45,2018년 9월,93.98,0.7,93.36,1.05,92.73,1.15,92.89,1.43,92.8,0.57,92.13,1.07,93.16,0.79,92.61,1.12,92.1,0.97,91.79,1.2,89.57,1.35,93.87,0.9,94.04,0.78,91.53,1.1,93.13,1.33,94.55,1.26,93.13,0.75,93.81,0.76,91.86,1.66,92.8,1.52,93.65,0.78,93.65,1.9,93.83,1.8,92.82,1.55,93.71,2.18
46,2018년 10월,94.54,0.6,93.99,0.68,93.4,0.72,93.3,0.43,93.08,0.3,92.67,0.59,93.52,0.4,93.18,0.61,92.66,0.61,92.37,0.62,90.19,0.69,94.38,0.54,94.53,0.53,92.14,0.67,93.45,0.35,94.98,0.46,93.49,0.39,94.32,0.55,92.31,0.49,93.18,0.42,93.93,0.3,94.13,0.51,94.29,0.49,93.24,0.45,94.25,0.57
47,2018년 11월,94.95,0.43,94.41,0.45,93.72,0.34,93.68,0.41,93.42,0.36,93.07,0.43,93.8,0.3,93.58,0.43,93.07,0.45,92.65,0.31,90.47,0.32,94.62,0.25,94.76,0.24,92.31,0.18,93.62,0.18,95.13,0.15,93.64,0.16,94.48,0.16,92.57,0.28,93.17,-0.01,94.07,0.15,94.1,-0.03,94.24,-0.06,93.17,-0.08,94.43,0.18
48,2018년 12월,95.44,0.51,94.78,0.4,93.88,0.16,93.86,0.19,93.58,0.17,93.18,0.11,93.94,0.15,93.85,0.29,93.28,0.22,92.7,0.06,90.45,-0.03,94.78,0.17,94.88,0.13,92.42,0.13,93.62,0,95.13,0,93.68,0.04,94.57,0.09,92.66,0.09,93.13,-0.05,94.13,0.07,93.92,-0.19,93.94,-0.32,92.95,-0.23,94.4,-0.03
49,2019년 1월,95.4,-0.04,94.75,-0.04,93.78,-0.1,93.8,-0.06,93.61,0.03,93.09,-0.09,93.92,-0.02,93.84,-0.01,93.28,-0.01,92.69,-0.01,90.11,-0.37,94.73,-0.05,94.83,-0.05,92.22,-0.22,93.32,-0.31,94.97,-0.17,93.58,-0.11,94.55,-0.02,92.59,-0.07,92.98,-0.16,94.02,-0.12,93.56,-0.39,93.14,-0.85,92.52,-0.47,94.15,-0.26
50,2019년 2월,95.39,-0.01,94.64,-0.11,93.68,-0.11,93.74,-0.07,93.59,-0.02,93.04,-0.05,93.91,-0.01,93.81,-0.02,93.26,-0.02,92.62,-0.08,89.95,-0.18,94.73,0,94.79,-0.04,91.98,-0.26,93.1,-0.24,94.87,-0.1,93.54,-0.03,94.55,0,92.56,-0.03,92.83,-0.16,93.99,-0.03,93.03,-0.56,92.38,-0.82,92.22,-0.32,93.65,-0.53
51,2019년 3월,95.38,-0.01,94.51,-0.14,93.6,-0.08,93.53,-0.23,93.56,-0.03,92.83,-0.22,93.88,-0.03,93.81,-0.01,93.17,-0.09,92.35,-0.3,89.74,-0.23,94.61,-0.12,94.75,-0.04,91.89,-0.1,92.76,-0.37,94.74,-0.15,93.51,-0.03,94.51,-0.04,92.44,-0.13,92.58,-0.27,93.94,-0.05,92.62,-0.44,91.77,-0.65,91.91,-0.34,93.05,-0.64
52,2019년 4월,95.36,-0.02,94.44,-0.07,93.52,-0.09,93.23,-0.31,93.55,-0.01,92.77,-0.06,93.87,-0.01,93.69,-0.13,93.17,-0.01,92.22,-0.14,89.47,-0.3,94.59,-0.02,94.69,-0.07,91.81,-0.09,92.38,-0.41,94.54,-0.21,93.44,-0.08,94.51,0,92.39,-0.06,92.29,-0.31,93.88,-0.07,92.21,-0.45,91.56,-0.23,91.77,-0.15,92.45,-0.64
53,2019년 5월,95.35,-0.02,94.38,-0.07,93.49,-0.03,92.82,-0.44,93.55,-0.01,92.73,-0.04,93.86,-0.01,93.63,-0.06,93.15,-0.01,92.12,-0.11,89.42,-0.06,94.58,-0.02,94.64,-0.05,91.75,-0.07,92.23,-0.16,94.4,-0.15,93.41,-0.03,94.5,-0.02,92.35,-0.04,92.15,-0.16,93.83,-0.05,92,-0.22,91.53,-0.03,91.71,-0.06,91.88,-0.62
54,2019년 6월,95.34,-0.01,94.37,0,93.48,-0.01,92.63,-0.2,93.54,-0.01,92.71,-0.02,93.85,-0.01,93.6,-0.03,93.15,0,92.06,-0.06,89.39,-0.03,94.57,-0.01,94.63,-0.01,91.75,0,92.15,-0.09,94.28,-0.13,93.43,0.02,94.49,-0.01,92.35,-0.01,92.11,-0.04,93.8,-0.04,91.98,-0.03,91.54,0.02,91.72,0.01,91.68,-0.21
55,2019년 7월,95.37,0.03,94.43,0.06,93.6,0.13,92.72,0.1,93.62,0.09,92.72,0.01,93.85,-0.01,93.62,0.02,93.18,0.03,92.12,0.06,89.45,0.06,94.59,0.02,94.72,0.09,91.86,0.12,92.26,0.13,94.26,-0.02,93.45,0.02,94.55,0.06,92.5,0.17,92.22,0.12,93.81,0.01,92.14,0.17,91.69,0.16,91.84,0.13,91.6,-0.09
56,2019년 8월,95.45,0.09,94.59,0.16,93.76,0.17,92.93,0.23,93.78,0.18,92.86,0.15,93.93,0.08,93.78,0.17,93.31,0.15,92.24,0.13,89.55,0.11,94.65,0.07,94.86,0.15,92.06,0.22,92.34,0.08,94.32,0.06,93.52,0.08,94.64,0.09,92.67,0.18,92.38,0.17,93.85,0.05,92.37,0.26,91.9,0.22,91.98,0.15,91.7,0.11
57,2019년 9월,95.61,0.17,94.79,0.22,93.99,0.24,93.17,0.26,93.97,0.2,93.02,0.18,94.03,0.11,93.93,0.16,93.48,0.17,92.4,0.18,89.73,0.19,94.75,0.1,94.99,0.14,92.29,0.26,92.42,0.1,94.42,0.11,93.62,0.11,94.76,0.13,92.86,0.21,92.55,0.18,93.95,0.1,92.62,0.27,92.06,0.18,92.13,0.16,91.9,0.22
58,2019년 10월,95.84,0.24,95.32,0.55,94.4,0.44,93.68,0.55,94.38,0.43,93.31,0.31,94.28,0.27,94.19,0.29,93.72,0.26,92.72,0.35,90.1,0.42,94.94,0.2,95.25,0.27,92.89,0.65,92.89,0.5,94.74,0.34,93.9,0.3,95.09,0.35,93.31,0.48,93.01,0.5,94.14,0.21,93.09,0.51,92.87,0.87,92.79,0.72,92.49,0.64
59,2019년 11월,96.05,0.22,95.65,0.35,94.9,0.53,94.29,0.65,94.7,0.34,93.68,0.39,94.52,0.25,94.54,0.36,93.96,0.26,93.09,0.4,90.45,0.38,95.18,0.25,95.64,0.41,93.44,0.59,93.45,0.6,95.11,0.39,94.27,0.39,95.4,0.32,93.86,0.6,93.69,0.73,94.44,0.32,93.77,0.72,93.68,0.87,93.5,0.77,93.08,0.64
60,2019년 12월,96.56,0.53,96.01,0.38,95.45,0.58,94.93,0.68,95.22,0.55,94.18,0.53,94.83,0.33,94.94,0.43,94.42,0.49,93.28,0.2,90.9,0.5,95.55,0.39,96.01,0.39,94.07,0.68,94.85,1.51,95.67,0.59,94.78,0.54,95.9,0.52,94.48,0.65,94.66,1.03,95,0.6,95.23,1.56,95.78,2.24,95.1,1.72,94.66,1.7
61,2020년 1월,96.84,0.29,96.19,0.19,95.76,0.33,95.17,0.25,95.49,0.29,94.47,0.32,95.04,0.23,95.22,0.3,94.67,0.26,93.47,0.2,91.25,0.39,95.81,0.27,96.23,0.23,94.46,0.41,95.36,0.53,95.89,0.23,95.07,0.31,96.11,0.22,94.89,0.44,95.08,0.45,95.23,0.25,95.61,0.39,96.22,0.46,95.5,0.41,95.07,0.43
62,2020년 2월,97.01,0.18,96.29,0.1,95.97,0.21,95.34,0.19,95.61,0.12,94.78,0.32,95.28,0.25,95.43,0.22,94.92,0.27,93.71,0.26,91.57,0.35,95.95,0.15,96.45,0.23,94.73,0.29,95.46,0.1,95.98,0.1,95.31,0.26,96.2,0.09,95.11,0.23,95.18,0.1,95.35,0.12,95.54,-0.07,96.13,-0.09,95.44,-0.06,95.19,0.12
63,2020년 3월,97.13,0.13,96.43,0.14,96.15,0.19,95.49,0.16,95.71,0.11,94.99,0.23,95.48,0.21,95.61,0.2,95.19,0.28,93.97,0.28,91.92,0.38,96.13,0.19,96.64,0.2,94.97,0.25,95.55,0.1,96.09,0.11,95.56,0.26,96.35,0.16,95.28,0.19,95.35,0.19,95.48,0.14,95.41,-0.13,95.94,-0.2,95.27,-0.17,95.32,0.14
64,2020년 4월,97.14,0,96.42,0,96.17,0.03,95.51,0.02,95.73,0.02,95.07,0.08,95.61,0.14,95.62,0,95.35,0.16,94.11,0.15,92.19,0.29,96.13,0.01,96.69,0.05,94.98,0.01,95.6,0.05,96.18,0.09,95.77,0.23,96.51,0.17,95.38,0.1,95.38,0.03,95.65,0.18,94.81,-0.63,95.32,-0.64,94.93,-0.36,95.31,-0.01
65,2020년 5월,97.12,-0.02,96.41,-0.02,96.14,-0.03,95.5,-0.01,95.72,-0.01,95.07,0,95.65,0.04,95.61,-0.01,95.37,0.02,94.1,-0.01,92.19,0,96.13,0,96.67,-0.02,94.9,-0.08,95.53,-0.07,96.14,-0.04,95.95,0.19,96.59,0.08,95.41,0.03,95.38,0,95.71,0.07,94.26,-0.59,94.72,-0.63,94.67,-0.28,95.21,-0.11
66,2020년 6월,97.21,0.09,96.49,0.08,96.29,0.15,95.66,0.16,95.86,0.15,95.24,0.19,95.74,0.1,95.66,0.05,95.49,0.13,94.2,0.11,92.35,0.17,96.15,0.03,96.73,0.06,95.06,0.16,95.69,0.16,96.22,0.08,96.22,0.28,96.76,0.18,95.55,0.14,95.52,0.14,95.88,0.17,94.31,0.06,94.8,0.08,94.89,0.24,95.23,0.02
67,2020년 7월,97.57,0.37,96.97,0.5,96.77,0.5,96.38,0.75,96.3,0.46,96.06,0.86,96.25,0.54,96.34,0.71,96.26,0.8,95.04,0.89,93.47,1.22,96.57,0.43,97.2,0.48,95.82,0.8,96.36,0.7,96.87,0.67,97.03,0.84,97.27,0.53,96.25,0.73,95.99,0.49,96.39,0.54,94.98,0.71,95.47,0.7,95.76,0.91,96.02,0.84
68,2020년 8월,97.84,0.28,97.33,0.36,97.15,0.39,96.89,0.53,96.73,0.45,96.52,0.48,96.66,0.43,96.85,0.53,96.65,0.41,95.52,0.51,94.1,0.67,96.94,0.38,97.6,0.42,96.24,0.44,96.8,0.46,97.28,0.43,97.46,0.45,97.64,0.38,96.77,0.55,96.33,0.36,96.82,0.45,95.29,0.32,95.79,0.34,96.03,0.28,96.25,0.24
69,2020년 9월,98.09,0.25,97.59,0.27,97.42,0.28,97.17,0.29,97.07,0.35,96.93,0.42,97.03,0.38,97.19,0.36,96.99,0.35,95.72,0.21,94.39,0.31,97.25,0.32,97.93,0.33,96.53,0.31,97.07,0.27,97.58,0.31,97.76,0.31,97.87,0.23,97.08,0.32,96.51,0.19,97.16,0.34,95.41,0.13,95.95,0.16,96.14,0.11,96.44,0.19
70,2020년 10월,98.27,0.18,97.77,0.18,97.56,0.14,97.35,0.18,97.29,0.23,97.11,0.19,97.29,0.27,97.39,0.21,97.19,0.21,95.9,0.18,94.59,0.22,97.46,0.21,98.09,0.16,96.76,0.23,97.18,0.11,97.71,0.13,97.91,0.15,98.02,0.15,97.21,0.14,96.69,0.18,97.35,0.2,95.5,0.09,96.02,0.07,96.2,0.06,96.53,0.1
71,2020년 11월,98.46,0.2,97.96,0.2,97.73,0.18,97.53,0.18,97.53,0.24,97.27,0.16,97.62,0.33,97.62,0.24,97.42,0.23,96.02,0.13,94.81,0.23,97.62,0.17,98.24,0.16,96.99,0.24,97.3,0.13,97.86,0.15,98.03,0.13,98.14,0.13,97.35,0.14,96.8,0.12,97.54,0.2,95.62,0.13,96.09,0.08,96.29,0.1,96.68,0.16
72,2020년 12월,98.69,0.24,98.23,0.27,97.98,0.26,97.81,0.29,97.8,0.28,97.55,0.29,97.85,0.24,97.87,0.25,97.72,0.31,96.22,0.21,95.21,0.42,97.89,0.27,98.43,0.2,97.34,0.37,97.52,0.23,98.08,0.22,98.2,0.17,98.34,0.2,97.55,0.2,96.93,0.13,97.83,0.29,96,0.4,96.34,0.26,96.51,0.22,96.92,0.25
