"행정구역별(시군구)","거처의 종류",2021,2021,2021,2021,2021,2021,2021,2021,2021,2021,2021,2022,2022,2022,2022,2022,2022,2022,2022,2022,2022,2022,2023,2023,2023,2023,2023,2023,2023,2023,2023,2023,2023
"행정구역별(시군구)","거처의 종류",거처,가구-계,일반가구,집단가구-비친족 6인 이상 가구,집단가구-집단시설가구,외국인가구,가구원-계,일반가구원,집단가구원-비친족 6인 이상 가구,집단가구원-집단시설가구,외국인가구원,거처,가구-계,일반가구,집단가구-비친족 6인 이상 가구,집단가구-집단시설가구,외국인가구,가구원-계,일반가구원,집단가구원-비친족 6인 이상 가구,집단가구원-집단시설가구,외국인가구원,거처,가구-계,일반가구,집단가구-비친족 6인 이상 가구,집단가구-집단시설가구,외국인가구,가구원-계,일반가구원,집단가구원-비친족 6인 이상 가구,집단가구원-집단시설가구,외국인가구원
"서울특별시","계",3241546,4191171,4046799,1611,843,141918,9361974,9009126,14121,85502,253225,3298268,4252134,4098818,1621,802,150893,9307534,8942201,15103,88288,261942,3347166,4298420,4141659,1573,819,154369,9279355,8908911,14557,92148,263739
"서울특별시","주택_계",2971494,3848936,3725698,1323,75,121840,8824040,8583138,11823,1898,227181,3010617,3887506,3758511,1324,58,127613,8743464,8498301,12515,835,231813,3047650,3917553,3786041,1324,59,130129,8698238,8451579,12456,1057,233146
"서울특별시","주택_단독주택",295980,1108716,1018255,370,44,90047,2022031,1849896,3181,795,168159,290190,1101788,1006940,393,34,94421,1964530,1788985,3631,580,171334,287312,1089771,993321,392,40,96018,1909607,1733449,3610,751,171797
"서울특별시","주택_아파트",1767311,1769152,1758041,173,X,10934,4682960,4660929,1211,14,20806,1797588,1799408,1788220,144,X,11042,4681092,4659441,1029,8,20614,1831428,1833225,1822125,117,X,10981,4716406,4695311,852,14,20229
"서울특별시","주택_연립주택",104842,105094,103754,39,X,1299,264632,261530,287,14,2801,104496,104743,103378,30,X,1333,257563,254514,242,12,2795,104501,104762,103330,32,X,1400,252904,249850,229,X,2825
"서울특별시","주택_다세대주택",776669,778371,764951,190,17,13213,1696102,1668729,1383,125,25865,792456,794246,780283,183,14,13766,1686223,1658177,1355,86,26605,798712,800559,786000,178,5,14376,1665094,1636218,1269,35,27572
"서울특별시","주택_비주거용 건물 내 주택",26692,87603,80697,551,8,6347,158315,142054,5761,950,9550,25887,87321,79690,574,6,7051,154056,137184,6258,149,10465,25697,89236,81265,605,12,7354,154227,136751,6496,257,10723
"서울특별시","주택 이외의 거처_계",270052,342235,321101,288,768,20078,537934,425988,2298,83604,26044,287651,364628,340307,297,744,23280,564070,443900,2588,87453,30129,299516,380867,355618,249,760,24240,581117,457332,2101,91091,30593
"서울특별시","주택 이외의 거처_오피스텔",230808,231607,223375,35,5,8192,308464,297543,236,302,10383,247968,248827,239830,32,5,8960,325992,314270,224,194,11304,260659,261526,252038,34,X,9451,338349,326205,245,136,11763
"종로구","계",50884,68541,63984,61,48,4448,145524,133567,512,4170,7275,51636,69831,64422,66,53,5290,144259,131437,582,3911,8329,51914,70217,64507,56,54,5600,142797,129548,488,4327,8434
"종로구","주택_계",44821,60159,56690,46,X,3420,130564,124233,382,38,5911,44789,60524,56456,53,X,4014,128639,121494,481,36,6628,44881,60682,56438,49,X,4192,126812,119622,424,72,6694
"종로구","주택_단독주택",11771,25918,23445,26,X,2444,50401,45851,208,38,4304,11611,26148,23199,27,X,2921,49659,44550,210,36,4863,11377,25961,22926,25,X,3007,48388,43236,201,72,4879
"종로구","주택_아파트",15189,15212,14940,X,X,271,37153,36679,6,X,468,15249,15267,14981,X,X,283,36549,36098,20,X,431,15597,15614,15289,X,X,322,36723,36201,22,X,500
"종로구","주택_연립주택",5184,5191,5133,X,X,54,13465,13344,29,X,92,5223,5229,5163,X,X,63,13317,13193,23,X,101,5239,5250,5176,X,X,71,13173,13043,21,X,109
"종로구","주택_다세대주택",11882,11910,11474,X,X,433,25960,25234,19,X,707,11946,11971,11462,X,X,505,25561,24712,26,X,823,11920,11948,11434,X,X,512,25094,24284,13,X,797
"종로구","주택_비주거용 건물 내 주택",795,1928,1698,12,X,218,3585,3125,120,X,340,760,1909,1651,16,X,242,3553,2941,202,X,410,748,1909,1613,16,X,280,3434,2858,167,X,409
"종로구","주택 이외의 거처_계",6063,8382,7294,15,45,1028,14960,9334,130,4132,1364,6847,9307,7966,13,52,1276,15620,9943,101,3875,1701,7033,9535,8069,7,51,1408,15985,9926,64,4255,1740
"종로구","주택 이외의 거처_오피스텔",4453,4461,4194,X,X,266,5560,5228,6,X,326,5290,5297,4905,X,X,390,6460,5969,12,X,479,5574,5585,5090,X,X,494,6691,6101,6,X,584
"중구","계",47424,61073,56116,58,22,4877,123679,113586,506,1385,8202,48238,61620,56260,62,19,5279,122611,111917,599,1479,8616,50208,64325,59265,56,17,4987,124929,114165,496,2191,8077
"중구","주택_계",40673,51483,48332,52,X,3097,109888,103575,461,39,5813,40818,51138,47939,57,X,3142,107571,101297,553,X,5721,42439,53311,50240,50,X,3021,108846,102873,435,X,5538
"중구","주택_단독주택",5817,15478,13521,19,X,1936,29345,25456,151,39,3699,5716,14915,12971,27,X,1917,28297,24452,250,X,3595,5686,15341,13487,19,X,1835,28098,24428,183,X,3487
"중구","주택_아파트",25356,25407,24781,5,X,621,58328,57151,32,X,1145,25481,25525,24898,X,X,623,57397,56263,34,X,1100,26736,26786,26226,X,X,556,58576,57563,25,X,988
"중구","주택_연립주택",1805,1810,1758,5,X,47,4627,4512,38,X,77,1783,1788,1735,X,X,53,4490,4405,X,X,85,1835,1840,1771,5,X,64,4528,4406,31,X,91
"중구","주택_다세대주택",6919,6940,6637,5,X,298,13813,13229,43,X,541,7101,7118,6799,X,X,316,13738,13166,32,X,540,7446,7465,7120,X,X,342,14006,13411,24,X,571
"중구","주택_비주거용 건물 내 주택",776,1848,1635,18,X,195,3775,3227,197,X,351,737,1792,1536,23,X,233,3649,3011,237,X,401,736,1879,1636,19,X,224,3638,3065,172,X,401
"중구","주택 이외의 거처_계",6751,9590,7784,6,20,1780,13791,10011,45,1346,2389,7420,10482,8321,5,19,2137,15040,10620,46,1479,2895,7769,11014,9025,6,17,1966,16083,11292,61,2191,2539
"중구","주택 이외의 거처_오피스텔",5078,5117,4612,X,X,504,6850,6067,X,48,735,5655,5695,5063,X,X,631,7597,6619,X,66,912,6156,6190,5590,X,X,599,8042,7142,X,93,807
"용산구","계",78604,102638,96989,66,25,5558,216284,204104,523,1418,10239,79927,103974,98483,55,24,5412,214065,202679,461,1247,9678,80057,103826,98322,47,26,5431,211056,199442,403,1820,9391
"용산구","주택_계",71651,94347,89464,59,X,4823,204043,194318,473,25,9227,72628,95427,90634,49,X,4743,201620,192457,409,23,8731,72675,94817,90180,41,X,4594,197731,188992,335,40,8364
"용산구","주택_단독주택",13613,35399,32493,25,X,2880,65446,59982,196,25,5243,13308,35216,32213,25,X,2977,63654,58261,227,23,5143,13046,34296,31370,18,X,2906,61156,55947,159,40,5010
"용산구","주택_아파트",36278,36403,35260,15,X,1128,92755,90161,111,X,2483,37176,37286,36289,8,X,989,92833,90606,53,X,2174,37098,37195,36267,9,X,919,91724,89685,58,X,1981
"용산구","주택_연립주택",3516,3535,3325,X,X,210,8659,8184,X,X,475,3494,3511,3313,X,X,197,8459,8030,6,X,423,3490,3503,3317,X,X,186,8293,7914,X,X,379
"용산구","주택_다세대주택",17636,17667,17137,11,X,519,34627,33675,88,X,864,18077,18107,17605,8,X,494,34295,33386,63,X,846,18483,18517,18017,8,X,492,34226,33323,56,X,847
"용산구","주택_비주거용 건물 내 주택",608,1343,1249,8,X,86,2556,2316,78,X,162,573,1307,1214,7,X,86,2379,2174,60,X,145,558,1306,1209,6,X,91,2332,2123,62,X,147
"용산구","주택 이외의 거처_계",6953,8291,7525,7,24,735,12241,9786,50,1393,1012,7299,8547,7849,6,23,669,12445,10222,52,1224,947,7382,9009,8142,6,24,837,13325,10450,68,1780,1027
"용산구","주택 이외의 거처_오피스텔",5493,5498,5246,X,X,250,7111,6787,12,X,312,5697,5700,5505,X,X,195,7294,7058,X,X,236,5849,5853,5672,X,X,179,7434,7195,26,X,213
"성동구","계",95352,127440,122756,58,17,4609,282871,271868,445,3546,7012,95910,127790,122873,60,16,4841,278499,267408,454,3418,7219,96699,127950,123124,52,18,4756,274253,263868,420,3068,6897
"성동구","주택_계",88843,119509,115471,52,X,3985,269232,262463,400,130,6239,88782,119070,114894,53,X,4121,264201,257310,402,144,6345,89222,119055,114970,49,X,4033,260321,253754,397,135,6035
"성동구","주택_단독주택",9679,37905,34791,13,X,3100,67515,62455,93,130,4837,9383,37249,34062,13,X,3172,65010,59908,100,144,4858,9325,36754,33614,13,X,3125,63006,58149,98,104,4655
"성동구","주택_아파트",66732,66803,66360,6,X,437,170995,170213,37,X,745,66759,66824,66396,7,X,421,168721,167990,46,X,685,66777,66825,66435,X,X,388,166886,166284,14,X,588
"성동구","주택_연립주택",1930,1937,1919,X,X,17,5040,4992,8,X,40,2004,2007,1985,X,X,20,5080,5030,13,X,37,1927,1934,1903,X,X,30,4756,4704,7,X,45
"성동구","주택_다세대주택",9545,9582,9399,12,X,171,19997,19642,90,X,265,9727,9755,9542,14,X,199,19875,19444,108,X,323,10296,10322,10119,17,X,186,20236,19802,122,X,312
"성동구","주택_비주거용 건물 내 주택",957,3282,3002,20,X,260,5685,5161,172,X,352,909,3235,2909,17,X,309,5515,4938,135,X,442,897,3220,2899,16,X,304,5437,4815,156,31,435
"성동구","주택 이외의 거처_계",6509,7931,7285,6,16,624,13639,9405,45,3416,773,7128,8720,7979,7,14,720,14298,10098,52,3274,874,7477,8895,8154,X,15,723,13932,10114,23,2933,862
"성동구","주택 이외의 거처_오피스텔",5594,5599,5339,X,X,256,7156,6811,31,X,314,6238,6242,5977,X,X,264,7764,7439,8,X,317,6646,6651,6350,X,X,300,8113,7736,7,X,370
"광진구","계",99227,162785,153962,49,22,8752,342205,323607,397,3588,14613,101943,166046,156463,54,24,9505,341797,321703,480,4196,15418,104145,168848,158612,54,39,10143,343028,321416,456,5132,16024
"광진구","주택_계",90347,151333,143289,34,X,8008,323620,309576,283,25,13736,92409,153440,144828,37,X,8573,321337,306648,344,34,14311,93984,155153,146317,44,X,8790,320530,305630,386,41,14473
"광진구","주택_단독주택",15090,72293,65544,8,X,6739,129736,118087,68,25,11556,14891,72147,64993,6,X,7146,126423,114429,52,34,11908,14844,72094,64721,6,X,7365,124115,111981,51,41,12042
"광진구","주택_아파트",32152,32173,31981,X,X,190,90711,90370,16,X,325,33413,33432,33267,X,X,163,92121,91829,13,X,279,34487,34514,34316,X,X,196,94050,93707,14,X,329
"광진구","주택_연립주택",3993,3999,3967,X,X,32,10763,10687,X,X,76,4011,4019,3952,X,X,66,10496,10369,7,X,120,4007,4018,3967,X,X,48,10321,10211,22,X,88
"광진구","주택_다세대주택",37726,37786,37182,10,X,594,83366,82213,69,X,1084,38731,38796,38101,10,X,685,83359,82059,70,X,1230,39297,39370,38671,15,X,684,83148,81786,107,X,1255
"광진구","주택_비주거용 건물 내 주택",1386,5082,4615,14,X,453,9044,8219,130,X,695,1363,5046,4515,18,X,513,8938,7962,202,X,774,1349,5157,4642,18,X,497,8896,7945,192,X,759
"광진구","주택 이외의 거처_계",8880,11452,10673,15,20,744,18585,14031,114,3563,877,9534,12606,11635,17,22,932,20460,15055,136,4162,1107,10161,13695,12295,10,37,1353,22498,15786,70,5091,1551
"광진구","주택 이외의 거처_오피스텔",7085,7095,6840,X,X,253,9221,8905,12,X,304,7728,7740,7444,X,X,296,9803,9446,X,X,357,8307,8321,7944,X,X,376,10480,10027,6,X,447
"동대문구","계",115461,162315,153246,107,39,8923,342532,322786,909,5659,13178,118347,166787,155912,92,32,10751,344925,322525,867,5931,15602,123214,171039,159457,115,39,11428,349601,326843,1053,5788,15917
"동대문구","주택_계",102554,145870,138493,85,X,7289,316305,304382,752,38,11133,104179,148469,139774,82,X,8612,316438,302676,793,X,12967,107618,151157,142001,98,X,9056,319696,305629,933,19,13115
"동대문구","주택_단독주택",16282,56279,50545,35,X,5698,98160,89112,304,26,8718,16041,56787,50019,34,X,6734,97093,86617,318,X,10158,15996,55965,48879,36,X,7050,94105,83602,313,X,10190
"동대문구","주택_아파트",65376,65440,64924,7,X,508,168404,167501,61,X,841,66716,66781,66212,9,X,559,169265,168287,71,X,905,69988,70066,69456,6,X,603,175682,174715,42,9,916
"동대문구","주택_연립주택",3174,3178,3122,X,X,56,7558,7467,X,X,91,3204,3210,3154,X,X,54,7391,7290,13,X,88,3151,3164,3097,X,X,66,7350,7241,6,X,103
"동대문구","주택_다세대주택",16245,16289,15839,10,X,440,33811,33052,64,X,695,16763,16798,16281,X,X,513,34179,33334,25,X,820,17042,17078,16499,5,X,574,34020,33083,42,X,895
"동대문구","주택_비주거용 건물 내 주택",1477,4684,4063,33,X,587,8372,7250,323,11,788,1455,4893,4108,33,X,752,8510,7148,366,X,996,1441,4884,4070,50,X,763,8539,6988,530,10,1011
"동대문구","주택 이외의 거처_계",12907,16445,14753,22,36,1634,26227,18404,157,5621,2045,14168,18318,16138,10,31,2139,28487,19849,74,5929,2635,15596,19882,17456,17,37,2372,29905,21214,120,5769,2802
"동대문구","주택 이외의 거처_오피스텔",11428,11471,10659,X,X,807,14456,13226,20,198,1012,12653,12702,11727,X,X,973,15565,14304,6,42,1213,14135,14180,13020,X,X,1156,17219,15780,13,43,1383
"중랑구","계",117428,170021,167260,44,23,2694,376415,370216,350,1262,4587,121605,173424,170544,45,20,2815,375190,368945,383,1124,4738,123528,174863,171823,44,24,2972,372733,366044,373,1255,5061
"중랑구","주택_계",112641,163685,161107,31,X,2544,366376,361744,233,10,4389,116223,166320,163660,31,X,2627,364413,359661,254,5,4493,117686,167123,164340,31,X,2750,361110,356097,253,13,4747
"중랑구","주택_단독주택",17973,66366,64272,5,X,2088,126335,122766,34,X,3532,17729,65260,63140,6,X,2113,121627,118013,52,X,3561,17679,64362,62190,X,X,2169,117809,114105,25,9,3670
"중랑구","주택_아파트",55470,55499,55402,5,X,92,144936,144740,36,X,160,57782,57810,57688,X,X,120,146812,146595,16,X,201,58689,58730,58590,X,X,136,147273,147007,30,X,236
"중랑구","주택_연립주택",4280,4282,4263,X,X,19,10379,10343,X,X,36,4321,4326,4304,X,X,22,10288,10242,X,X,46,4226,4233,4206,X,X,27,9959,9905,X,X,54
"중랑구","주택_다세대주택",33441,33493,33256,X,X,231,76725,76210,26,7,482,34961,35014,34757,6,X,250,77996,77454,43,X,495,35655,35714,35419,5,X,289,78279,77638,32,X,605
"중랑구","주택_비주거용 건물 내 주택",1477,4045,3914,17,X,114,8001,7685,137,X,179,1430,3910,3771,17,X,122,7690,7357,143,X,190,1437,4084,3935,20,X,129,7790,7442,166,X,182
"중랑구","주택 이외의 거처_계",4787,6336,6153,13,20,150,10039,8472,117,1252,198,5382,7104,6884,14,18,188,10777,9284,129,1119,245,5842,7740,7483,13,22,222,11623,9947,120,1242,314
"중랑구","주택 이외의 거처_오피스텔",3185,3187,3123,X,X,63,4328,4238,6,X,84,3752,3757,3679,X,X,77,5029,4923,9,X,97,4203,4205,4119,X,X,85,5626,5495,8,X,123
"성북구","계",140799,187246,181827,117,107,5195,429702,412726,1016,8332,7628,143299,190541,183972,138,89,6342,430102,411430,1345,8095,9232,144007,191164,184404,134,81,6545,426829,407265,1298,9017,9249
"성북구","주택_계",136684,178889,174624,101,9,4155,410800,403475,874,166,6285,139107,181289,176405,111,7,4766,410159,401763,1071,90,7235,139732,181703,176640,117,11,4935,406106,397430,1137,224,7315
"성북구","주택_단독주택",20826,59597,56517,46,8,3026,109548,104602,393,116,4437,20494,59367,55696,49,6,3616,107075,101250,484,48,5293,20309,58908,55168,51,8,3681,104656,98745,537,117,5257
"성북구","주택_아파트",79550,79616,79321,17,X,278,215473,214803,113,X,557,81941,82003,81714,10,X,279,218321,217674,71,X,576,82321,82372,82087,13,X,272,217286,216652,93,X,541
"성북구","주택_연립주택",5895,5908,5843,5,X,60,14201,14048,35,X,118,5854,5867,5806,X,X,57,13904,13748,34,X,122,5985,5997,5922,5,X,70,13773,13581,39,X,153
"성북구","주택_다세대주택",29088,29138,28761,6,X,371,63826,63150,39,X,637,29516,29555,29165,10,X,380,63286,62524,81,X,681,29824,29864,29417,8,X,439,62757,61923,62,X,772
"성북구","주택_비주거용 건물 내 주택",1325,4630,4182,27,X,420,7752,6872,294,50,536,1302,4497,4024,38,X,434,7573,6567,401,42,563,1293,4562,4046,40,X,473,7634,6529,406,107,592
"성북구","주택 이외의 거처_계",4115,8357,7203,16,98,1040,18902,9251,142,8166,1343,4192,9252,7567,27,82,1576,19943,9667,274,8005,1997,4275,9461,7764,17,70,1610,20723,9835,161,8793,1934
"성북구","주택 이외의 거처_오피스텔",2273,2286,2173,X,X,113,2933,2796,X,X,137,2396,2414,2311,X,X,103,3125,3001,X,X,124,2547,2563,2465,X,X,98,3286,3176,X,X,110
"강북구","계",98231,132458,130329,61,31,2037,289587,284035,518,1828,3206,100115,133870,131275,65,28,2502,284651,278880,566,1433,3772,101012,134438,131363,60,30,2985,281062,274648,562,1376,4476
"강북구","주택_계",95498,128048,126115,48,X,1882,281996,278541,416,31,3008,97020,129014,126731,50,X,2230,277009,273107,438,29,3435,97548,128972,126414,48,X,2507,272739,268388,460,30,3861
"강북구","주택_단독주택",17119,48341,46859,18,X,1462,91438,89042,135,22,2239,16975,47695,46053,15,X,1625,88406,85847,104,20,2435,16889,47027,45173,18,X,1833,86025,83114,140,30,2741
"강북구","주택_아파트",34007,34033,33958,X,X,75,86361,86233,X,X,128,35063,35084,34856,X,X,227,86165,85850,10,X,305,35657,35681,35473,X,X,207,86171,85883,9,X,279
"강북구","주택_연립주택",4660,4666,4634,X,X,31,11317,11256,9,X,52,4703,4711,4677,X,X,34,11042,10985,X,X,57,4683,4688,4647,X,X,41,10772,10696,X,X,76
"강북구","주택_다세대주택",38734,38801,38559,X,X,241,88351,87856,X,9,486,39317,39379,39117,5,X,256,87020,86465,34,9,512,39354,39419,39100,X,X,319,85455,84849,X,X,606
"강북구","주택_비주거용 건물 내 주택",978,2207,2105,29,X,73,4529,4154,272,X,103,962,2145,2028,29,X,88,4376,3960,290,X,126,965,2157,2021,29,X,107,4316,3846,311,X,159
"강북구","주택 이외의 거처_계",2733,4410,4214,13,28,155,7591,5494,102,1797,198,3095,4856,4544,15,25,272,7642,5773,128,1404,337,3464,5466,4949,12,27,478,8323,6260,102,1346,615
"강북구","주택 이외의 거처_오피스텔",1624,1625,1587,X,X,36,2087,2027,14,X,46,1984,1984,1882,X,X,99,2454,2314,21,X,119,2320,2320,2097,X,X,222,2884,2592,7,X,285
"도봉구","계",109337,129498,128439,46,27,986,306312,302596,380,1846,1490,110208,130115,128975,46,33,1061,301197,297133,382,2050,1632,110709,130370,129149,48,31,1142,297152,292856,408,2119,1769
"도봉구","주택_계",104675,124092,123241,19,X,831,296204,294731,170,6,1297,105230,124344,123436,22,X,885,290449,288850,204,X,1391,105327,124000,123041,22,X,937,285805,284097,208,X,1500
"도봉구","주택_단독주택",8380,26933,26432,X,X,500,50957,50239,X,6,712,8292,26545,26008,X,X,533,49454,48687,22,X,741,8271,26148,25582,6,X,560,47781,46922,55,X,804
"도봉구","주택_아파트",63654,63685,63534,X,X,147,166735,166470,25,X,240,63659,63699,63530,X,X,167,163249,162940,12,X,297,63684,63719,63550,X,X,168,161627,161321,6,X,300
"도봉구","주택_연립주택",4056,4061,4051,X,X,10,10212,10192,X,X,20,4064,4069,4061,X,X,8,9955,9941,X,X,14,4071,4073,4066,X,X,7,9763,9749,X,X,14
"도봉구","주택_다세대주택",27908,27949,27806,X,X,141,65185,64896,13,X,276,28551,28595,28452,X,X,140,64781,64474,22,X,285,28647,28688,28526,X,X,160,63717,63383,14,X,320
"도봉구","주택_비주거용 건물 내 주택",677,1464,1418,13,X,33,3115,2934,132,X,49,664,1436,1385,14,X,37,3010,2808,148,X,54,654,1372,1317,13,X,42,2917,2722,133,X,62
"도봉구","주택 이외의 거처_계",4662,5406,5198,27,26,155,10108,7865,210,1840,193,4978,5771,5539,24,32,176,10748,8283,178,2046,241,5382,6370,6108,26,31,205,11347,8759,200,2119,269
"도봉구","주택 이외의 거처_오피스텔",3777,3779,3673,X,X,105,5852,5726,X,7,119,4118,4119,4008,X,X,111,6246,6111,X,X,135,4560,4564,4444,X,X,120,6676,6535,X,X,141
"노원구","계",187645,205936,204282,64,41,1549,498395,488629,493,6907,2366,188708,206796,205078,48,46,1624,491043,480815,379,7421,2428,189465,207589,205769,52,40,1728,487918,476548,446,8391,2533
"노원구","주택_계",184405,201637,200310,53,X,1271,485738,482496,409,815,2018,185466,202556,201161,38,X,1354,477218,474781,302,44,2091,186088,203096,201624,45,X,1424,472968,470370,386,47,2165
"노원구","주택_단독주택",6129,21949,21212,X,X,733,38120,37023,29,6,1062,6035,21733,20898,5,X,829,37023,35822,41,6,1154,5832,21418,20532,X,X,881,35737,34426,44,15,1252
"노원구","주택_아파트",159622,159724,159378,24,X,322,402949,402179,173,X,597,160620,160725,160383,13,X,329,397168,396468,90,X,610,161383,161495,161152,18,X,325,394887,394186,129,X,572
"노원구","주택_연립주택",3381,3383,3366,X,X,16,8560,8524,8,X,28,3425,3426,3405,X,X,20,8447,8401,12,X,34,3436,3441,3432,X,X,9,8365,8346,X,X,19
"노원구","주택_다세대주택",14613,14627,14503,12,X,112,31608,31330,81,X,197,14742,14771,14663,9,X,99,31048,30799,64,X,185,14798,14837,14718,11,X,108,30513,30234,85,X,194
"노원구","주택_비주거용 건물 내 주택",660,1954,1851,13,X,88,4501,3440,118,809,134,644,1901,1812,10,X,77,3532,3291,95,38,108,639,1905,1790,12,X,101,3466,3178,128,32,128
"노원구","주택 이외의 거처_계",3240,4299,3972,11,38,278,12657,6133,84,6092,348,3242,4240,3917,10,43,270,13825,6034,77,7377,337,3377,4493,4145,7,37,304,14950,6178,60,8344,368
"노원구","주택 이외의 거처_오피스텔",2402,2405,2323,X,X,82,4052,3960,X,X,92,2375,2377,2293,X,X,82,3955,3837,6,20,92,2513,2517,2438,X,X,78,4030,3933,8,X,89
"은평구","계",162799,195512,193626,53,40,1793,453098,445703,490,3910,2995,165954,198082,196206,64,43,1769,450263,442955,623,3763,2922,169173,200425,198534,55,38,1798,448927,442002,531,3455,2939
"은평구","주택_계",152422,183535,181938,40,6,1551,432849,429684,374,103,2688,155162,185642,184059,55,X,1524,429736,426482,541,97,2616,157815,187298,185735,48,X,1512,428083,424997,472,37,2577
"은평구","주택_단독주택",14575,43876,43058,18,X,798,87071,85644,171,17,1239,14183,42874,42048,28,X,796,83256,81718,274,33,1231,13617,41204,40416,26,X,760,78579,77108,266,33,1172
"은평구","주택_아파트",63238,63289,63059,X,X,228,170071,169645,13,X,413,66117,66175,65956,X,X,216,174794,174357,20,X,417,69592,69650,69424,X,X,224,181492,181049,18,X,425
"은평구","주택_연립주택",5607,5619,5589,X,X,28,14406,14337,13,X,56,5452,5461,5440,X,X,20,13645,13594,7,X,44,5290,5299,5273,X,X,25,13054,13004,6,X,44
"은평구","주택_다세대주택",67845,67939,67506,5,X,425,155369,154440,36,27,866,68282,68369,67933,10,X,425,152303,151388,84,6,825,68196,68285,67853,6,X,425,149277,148412,38,X,823
"은평구","주택_비주거용 건물 내 주택",1157,2812,2726,13,X,72,5932,5618,141,59,114,1128,2763,2682,13,X,67,5738,5425,156,58,99,1120,2860,2769,13,X,78,5681,5424,144,X,113
"은평구","주택 이외의 거처_계",10377,11977,11688,13,34,242,20249,16019,116,3807,307,10792,12440,12147,9,39,245,20527,16473,82,3666,306,11358,13127,12799,7,35,286,20844,17005,59,3418,362
"은평구","주택 이외의 거처_오피스텔",7867,7871,7735,X,X,135,10110,9952,7,X,151,8252,8255,8113,X,X,142,10549,10388,X,X,161,8811,8816,8644,X,X,172,11108,10909,X,X,199
"서대문구","계",106561,140409,134544,72,41,5752,309453,292657,678,7489,8629,109273,143327,136043,81,43,7160,313074,291938,706,10086,10344,111795,145742,138166,77,44,7455,315054,293455,726,10502,10371
"서대문구","주택_계",99526,131216,126490,66,7,4653,290136,282171,621,72,7272,101623,133397,127647,74,7,5669,290577,281282,659,102,8534,103742,135465,129522,70,6,5867,291811,282603,664,76,8468
"서대문구","주택_단독주택",12165,41520,38523,22,X,2972,72302,67656,222,47,4377,12096,41540,37719,27,X,3790,71110,65360,254,84,5412,11902,41214,37286,30,X,3895,69372,63682,293,59,5338
"서대문구","주택_아파트",54411,54487,53951,7,X,528,142405,141202,53,5,1145,56287,56367,55836,8,X,523,145079,143913,59,X,1107,58369,58441,57897,X,X,539,148784,147683,32,5,1064
"서대문구","주택_연립주택",5134,5144,5056,X,X,84,12652,12447,20,6,179,5043,5057,4967,X,X,88,12205,12022,6,X,173,5184,5198,5097,X,X,100,12308,12115,7,X,186
"서대문구","주택_다세대주택",26969,27010,26358,11,X,639,57738,56615,99,14,1010,27362,27405,26662,12,X,729,57175,55944,83,14,1134,27457,27519,26698,8,X,811,56311,55028,66,12,1205
"서대문구","주택_비주거용 건물 내 주택",847,3055,2602,23,X,430,5039,4251,227,X,561,835,3028,2463,26,X,539,5008,4043,257,X,708,830,3093,2544,27,X,522,5036,4095,266,X,675
"서대문구","주택 이외의 거처_계",7035,9193,8054,6,34,1099,19317,10486,57,7417,1357,7650,9930,8396,7,36,1491,22497,10656,47,9984,1810,8053,10277,8644,7,38,1588,23243,10852,62,10426,1903
"서대문구","주택 이외의 거처_오피스텔",5685,5695,5211,X,X,482,7060,6488,17,X,555,6296,6305,5710,X,X,592,7696,6982,12,31,671,6714,6725,6042,X,X,682,8080,7309,6,X,765
"마포구","계",137553,169539,164080,75,23,5361,360679,349062,613,2911,8093,140486,171619,165603,66,19,5931,357954,345377,600,3255,8722,142157,173258,167410,70,22,5756,357160,344866,584,3400,8310
"마포구","주택_계",121256,150947,146727,60,X,4158,332565,325459,494,7,6605,122962,152535,148070,52,X,4412,330456,323097,456,23,6880,124593,153993,149591,54,X,4347,329362,322274,470,13,6605
"마포구","주택_단독주택",11095,38639,36319,10,X,2309,66704,63087,88,6,3523,10688,38159,35717,13,X,2428,64647,60862,119,23,3643,10588,37711,35355,15,X,2340,62822,59299,111,13,3399
"마포구","주택_아파트",71906,71988,71087,6,X,894,186694,185034,45,X,1614,73114,73192,72308,X,X,880,186800,185182,26,X,1592,74922,74994,74109,X,X,881,188931,187306,29,X,1596
"마포구","주택_연립주택",2944,2951,2913,X,X,36,6959,6879,16,X,64,2862,2866,2829,X,X,36,6642,6566,13,X,63,2806,2810,2783,X,X,26,6392,6334,10,X,48
"마포구","주택_다세대주택",33934,33984,33314,18,X,652,65847,64722,116,X,1009,34963,35015,34256,13,X,746,66170,64987,79,X,1104,34956,35015,34229,14,X,772,65052,63852,87,X,1113
"마포구","주택_비주거용 건물 내 주택",1377,3385,3094,24,X,267,6361,5737,229,X,395,1335,3303,2960,21,X,322,6197,5500,219,X,478,1321,3463,3115,20,X,328,6165,5483,233,X,449
"마포구","주택 이외의 거처_계",16297,18592,17353,15,21,1203,28114,23603,119,2904,1488,17524,19084,17533,14,18,1519,27498,22280,144,3232,1842,17564,19265,17819,16,21,1409,27798,22592,114,3387,1705
"마포구","주택 이외의 거처_오피스텔",14975,15024,14221,5,X,798,19134,18158,32,X,944,16155,16207,15211,5,X,991,20280,19084,33,X,1163,16240,16301,15393,11,X,897,20409,19289,72,X,1048
"양천구","계",148257,170289,168355,26,24,1884,429210,424680,235,1143,3152,149271,171291,169344,27,21,1899,422876,418463,262,1014,3137,149753,171469,169479,26,23,1941,418518,413952,244,1107,3215
"양천구","주택_계",141451,162468,160792,21,X,1654,412452,409388,198,7,2859,142387,163376,161714,21,X,1640,406295,403275,205,6,2809,142822,163377,161654,23,X,1699,401754,398617,219,15,2903
"양천구","주택_단독주택",7584,27679,26573,5,X,1101,52791,50935,45,X,1811,7497,27514,26433,X,X,1078,51447,49679,20,X,1748,7495,27123,26025,6,X,1092,49842,48019,45,X,1778
"양천구","주택_아파트",89981,90040,89869,X,X,168,257189,256886,12,7,284,90364,90426,90243,5,X,177,253823,253483,31,6,303,90944,91007,90818,X,X,185,253420,253091,25,X,304
"양천구","주택_연립주택",3769,3773,3748,X,X,25,9406,9342,X,X,64,3718,3720,3697,X,X,23,9014,8958,X,X,56,3713,3716,3689,X,X,26,8821,8756,6,X,59
"양천구","주택_다세대주택",39337,39389,39080,6,X,303,89593,88928,51,X,614,40047,40114,39808,X,X,302,88637,87983,42,X,612,39916,39985,39641,X,X,341,86390,85666,24,15,685
"양천구","주택_비주거용 건물 내 주택",780,1587,1522,8,X,57,3473,3297,90,X,86,761,1602,1533,9,X,60,3374,3172,112,X,90,754,1546,1481,10,X,55,3281,3085,119,X,77
"양천구","주택 이외의 거처_계",6806,7821,7563,5,23,230,16758,15292,37,1136,293,6884,7915,7630,6,20,259,16581,15188,57,1008,328,6931,8092,7825,X,22,242,16764,15335,25,1092,312
"양천구","주택 이외의 거처_오피스텔",5714,5720,5609,X,X,110,12602,12465,6,X,131,5807,5813,5687,X,X,125,12561,12402,7,X,152,5889,5895,5778,X,X,116,12610,12458,6,X,146
"강서구","계",222284,253018,249984,50,45,2939,555025,547421,421,2141,5042,226826,257613,254540,50,44,2979,551285,543700,441,2094,5050,228245,258700,255617,49,52,2982,545074,537347,404,2233,5090
"강서구","주택_계",191164,218184,215790,42,X,2348,509452,504775,362,43,4272,193454,220335,217958,38,X,2335,503246,498632,346,39,4229,194066,220326,217933,38,X,2352,495998,491373,321,21,4283
"강서구","주택_단독주택",9985,35565,34172,15,X,1375,67191,64687,150,37,2317,9680,35135,33739,12,X,1381,64691,62228,120,33,2310,9619,34364,33034,14,X,1313,62298,59946,124,21,2207
"강서구","주택_아파트",112699,112780,112459,7,X,314,284146,283539,43,X,564,113643,113726,113414,6,X,306,281211,280609,45,X,557,114718,114800,114469,5,X,326,280395,279756,35,X,604
"강서구","주택_연립주택",4440,4444,4422,X,X,22,11085,11032,X,X,53,4483,4490,4463,X,X,26,10871,10809,7,X,55,4506,4511,4480,X,X,31,10701,10627,X,X,74
"강서구","주택_다세대주택",63013,63121,62546,X,X,570,142283,141012,29,6,1236,64662,64763,64194,5,X,563,141897,140627,41,6,1223,64240,64356,63731,7,X,618,138016,136668,46,X,1302
"강서구","주택_비주거용 건물 내 주택",1027,2274,2191,16,X,67,4747,4505,140,X,102,986,2221,2148,14,X,59,4576,4359,133,X,84,983,2295,2219,12,X,64,4588,4376,116,X,96
"강서구","주택 이외의 거처_계",31120,34834,34194,8,41,591,45573,42646,59,2098,770,33372,37278,36582,12,40,644,48039,45068,95,2055,821,34179,38374,37684,11,49,630,49076,45974,83,2212,807
"강서구","주택 이외의 거처_오피스텔",28677,28690,28270,X,X,420,35237,34727,X,X,510,30878,30895,30460,X,X,435,37503,36965,X,X,538,31729,31740,31313,X,X,427,38257,37738,X,X,519
"구로구","계",144259,184821,166197,49,48,18527,421699,380978,377,3159,37185,147395,188054,169228,48,43,18735,419474,378890,450,2945,37189,149876,190000,171257,57,40,18646,419024,378092,440,3416,37076
"구로구","주택_계",129012,163449,147082,43,10,16314,389718,355016,339,94,34269,130949,165179,148584,39,8,16548,386008,351342,348,47,34271,132631,166659,149643,49,X,16967,384628,349581,383,X,34664
"구로구","주택_단독주택",11265,43799,31284,11,X,12502,84641,58906,79,32,25624,11100,43404,30716,10,X,12678,82309,56771,80,X,25458,11034,43054,30121,11,X,12922,80494,54871,87,X,25536
"구로구","주택_아파트",81010,81202,79992,5,X,1205,215401,212642,33,X,2726,82575,82773,81498,7,X,1268,215024,212137,44,X,2843,83902,84117,82759,X,X,1354,216046,213033,25,X,2988
"구로구","주택_연립주택",6975,7008,6830,X,X,176,16970,16505,14,X,451,6969,7005,6833,X,X,169,16492,16031,31,X,430,7115,7149,6964,X,X,183,16438,15974,13,X,451
"구로구","주택_다세대주택",28985,29229,27214,15,8,1992,68404,63573,97,62,4672,29549,29809,27822,6,8,1973,68010,63223,38,47,4702,29820,30058,28002,17,X,2039,67373,62427,110,X,4836
"구로구","주택_비주거용 건물 내 주택",777,2211,1762,10,X,439,4302,3390,116,X,796,756,2188,1715,13,X,460,4173,3180,155,X,838,760,2281,1797,15,X,469,4277,3276,148,X,853
"구로구","주택 이외의 거처_계",15247,21372,19115,6,38,2213,31981,25962,38,3065,2916,16446,22875,20644,9,35,2187,33466,27548,102,2898,2918,17245,23341,21614,8,40,1679,34396,28511,57,3416,2412
"구로구","주택 이외의 거처_오피스텔",13814,13854,13248,X,X,603,19984,19013,12,49,910,14939,14980,14371,X,X,608,21115,20199,6,X,910,15730,15769,15155,X,X,612,21949,21009,12,X,928
"금천구","계",82886,118852,107430,38,30,11354,244668,220904,332,1482,21950,85710,121987,110689,37,23,11238,244525,221193,358,1189,21785,87313,123220,111789,33,25,11373,243279,219602,363,1345,21969
"금천구","주택_계",69741,101739,91369,28,X,10340,222316,201612,256,39,20409,70833,102700,92480,24,X,10194,219774,199316,245,19,20194,71304,102887,92532,26,X,10327,217176,196462,269,44,20401
"금천구","주택_단독주택",8640,39017,30426,6,X,8583,73051,56447,54,39,16511,8498,38802,30356,5,X,8439,70933,54588,53,19,16273,8461,38365,29882,X,X,8477,69443,53087,39,44,16273
"금천구","주택_아파트",32374,32417,32179,X,X,236,81602,81112,14,X,476,32734,32778,32560,X,X,215,80902,80455,22,X,425,32829,32880,32617,X,X,260,79910,79384,20,X,506
"금천구","주택_연립주택",3820,3829,3755,X,X,74,9237,9086,X,X,151,3792,3800,3733,X,X,67,8976,8829,X,X,147,3823,3834,3762,X,X,72,8777,8625,X,X,152
"금천구","주택_다세대주택",24402,24573,23423,6,X,1144,55202,52410,39,X,2753,25316,25501,24305,X,X,1192,55903,52987,30,X,2886,25704,25910,24678,X,X,1230,55866,52871,15,X,2980
"금천구","주택_비주거용 건물 내 주택",505,1903,1586,14,X,303,3224,2557,149,X,518,493,1819,1526,12,X,281,3060,2457,140,X,463,487,1898,1593,17,X,288,3180,2495,195,X,490
"금천구","주택 이외의 거처_계",13145,17113,16061,10,28,1014,22352,19292,76,1443,1541,14877,19287,18209,13,21,1044,24751,21877,113,1170,1591,16009,20333,19257,7,23,1046,26103,23140,94,1301,1568
"금천구","주택 이외의 거처_오피스텔",11972,12015,11586,X,X,429,14683,14010,X,X,673,13695,13740,13295,X,X,443,16847,16139,14,X,694,14837,14874,14432,X,X,441,18224,17506,6,X,712
"영등포구","계",137237,184045,168518,84,41,15402,398443,356146,803,3015,38479,140909,187482,172104,80,37,15261,397224,356185,830,2372,37837,144025,190452,174908,75,31,15438,396141,355332,751,2057,38001
"영등포구","주택_계",108251,149849,135559,68,5,14217,347445,309886,679,91,36789,109900,150907,136814,61,X,14029,344211,307553,630,37,35991,111425,151954,137774,63,X,14115,342017,305198,647,20,36152
"영등포구","주택_단독주택",13782,52221,40328,20,X,11870,107156,75114,171,82,31789,13525,51564,39860,17,X,11685,103179,71928,168,34,31049,13511,50918,39231,15,X,11671,100877,69721,125,9,31022
"영등포구","주택_아파트",76207,76338,75605,6,X,727,199288,197790,44,X,1454,77576,77704,76943,X,X,757,200482,198955,32,X,1495,78554,78689,77942,5,X,742,200135,198644,47,X,1444
"영등포구","주택_연립주택",1433,1451,1378,X,X,71,3335,3147,15,X,173,1453,1466,1391,X,X,73,3236,3048,15,X,173,1522,1530,1455,X,X,73,3226,3037,19,X,170
"영등포구","주택_다세대주택",15744,15883,14879,8,X,996,30622,28305,56,X,2261,16293,16450,15439,8,X,1003,30829,28553,56,X,2220,16805,16955,15875,7,X,1073,31184,28734,46,X,2404
"영등포구","주택_비주거용 건물 내 주택",1085,3956,3369,32,X,553,7044,5530,393,9,1112,1053,3723,3181,30,X,511,6485,5069,359,X,1054,1033,3862,3271,34,X,556,6595,5062,410,11,1112
"영등포구","주택 이외의 거처_계",28986,34196,32959,16,36,1185,50998,46260,124,2924,1690,31009,36575,35290,19,34,1232,53013,48632,200,2335,1846,32600,38498,37134,12,29,1323,54124,50134,104,2037,1849
"영등포구","주택 이외의 거처_오피스텔",27226,27276,26617,X,X,656,39668,38744,20,X,904,29266,29313,28650,7,X,655,41789,40797,57,35,900,30913,30980,30264,5,X,711,43179,42193,39,X,947
"동작구","계",122056,176665,170333,98,21,6213,383778,368028,910,4043,10797,123074,179771,172696,103,21,6951,382323,365033,1040,4822,11428,124046,181307,173897,100,21,7289,379725,361991,994,4888,11852
"동작구","주택_계",118123,169758,163860,84,X,5814,370936,359844,792,X,10300,118994,172425,165941,88,X,6396,368165,356534,895,X,10736,119932,173159,166494,88,X,6577,364709,352886,886,X,10937
"동작구","주택_단독주택",14151,62764,57799,28,X,4937,106524,97528,243,X,8753,13695,63847,58382,28,X,5437,104378,95020,282,X,9076,13324,63007,57439,30,X,5538,100235,90713,301,X,9221
"동작구","주택_아파트",64923,64981,64802,8,X,171,171256,170899,58,X,299,65729,65794,65623,7,X,164,171769,171420,59,X,290,67067,67134,66966,X,X,165,174009,173696,22,X,291
"동작구","주택_연립주택",5064,5076,5032,X,X,40,13071,12957,29,X,85,5013,5033,4984,X,X,48,12661,12539,6,X,116,4931,4949,4914,X,X,35,12308,12236,X,X,72
"동작구","주택_다세대주택",32962,33026,32593,5,X,428,73618,72727,52,X,839,33552,33639,33191,10,X,438,72734,71822,77,X,835,33626,33695,33247,12,X,436,71319,70412,85,X,822
"동작구","주택_비주거용 건물 내 주택",1023,3911,3634,39,X,238,6467,5733,410,X,324,1005,4112,3761,42,X,309,6623,5733,471,X,419,984,4374,3928,43,X,403,6838,5829,478,X,531
"동작구","주택 이외의 거처_계",3933,6907,6473,14,21,399,12842,8184,118,4043,497,4080,7346,6755,15,21,555,14158,8499,145,4822,692,4114,8148,7403,12,21,712,15016,9105,108,4888,915
"동작구","주택 이외의 거처_오피스텔",2554,2557,2511,X,X,45,3271,3201,6,X,64,2714,2719,2670,X,X,48,3491,3415,6,X,70,2746,2750,2698,X,X,52,3468,3401,X,X,67
"관악구","계",145438,263380,252619,149,26,10586,490680,464158,1600,7363,17559,147606,271474,260075,157,26,11216,491504,464949,1710,7054,17791,149163,275312,263166,155,20,11971,488340,461910,1732,6175,18523
"관악구","주택_계",127008,234305,224828,138,X,9336,448364,430797,1511,43,16013,128231,240122,230214,140,X,9766,447032,429412,1588,22,16010,129185,242591,232137,137,X,10315,443661,425544,1588,31,16498
"관악구","주택_단독주택",20947,115319,107766,23,X,7527,181327,168130,236,43,12918,20549,118334,110551,22,X,7759,180943,167912,241,22,12768,20495,119355,111082,26,X,8245,179035,165520,281,31,13203
"관악구","주택_아파트",55189,55291,55018,6,X,267,137643,137099,40,X,504,56421,56516,56276,5,X,235,137194,136707,35,X,452,57048,57126,56868,X,X,255,136766,136258,31,X,477
"관악구","주택_연립주택",6175,6200,6152,X,X,47,15615,15508,7,X,100,6151,6173,6126,X,X,45,15198,15088,17,X,93,6155,6180,6131,X,X,46,14932,14808,21,X,103
"관악구","주택_다세대주택",42785,42943,42251,11,X,681,93829,92291,80,X,1458,43247,43419,42746,8,X,665,92708,91271,54,X,1383,43619,43793,43105,X,X,685,91557,90156,19,X,1382
"관악구","주택_비주거용 건물 내 주택",1912,14552,13641,97,X,814,19950,17769,1148,X,1033,1863,15680,14515,103,X,1062,20989,18434,1241,X,1314,1868,16137,14951,102,X,1084,21371,18802,1236,X,1333
"관악구","주택 이외의 거처_계",18430,29075,27791,11,23,1250,42316,33361,89,7320,1546,19375,31352,29861,17,24,1450,44472,35537,122,7032,1781,19978,32721,31029,18,18,1656,44679,36366,144,6144,2025
"관악구","주택 이외의 거처_오피스텔",15537,15948,15569,X,X,379,18860,18422,X,X,438,16306,16760,16386,X,X,373,19611,19170,6,X,435,16866,17319,16947,X,X,370,20028,19581,17,X,430
"서초구","계",135587,158408,155936,51,23,2398,388067,381688,418,2104,3857,135141,156869,154471,40,27,2331,379019,372746,342,2242,3689,137829,159582,157290,36,23,2233,381758,375801,332,2077,3548
"서초구","주택_계",126473,147631,145752,44,X,1833,371843,368311,363,38,3131,125785,145833,144007,35,X,1790,362447,359147,302,8,2990,128230,148279,146523,31,X,1724,365183,361966,274,35,2908
"서초구","주택_단독주택",5186,24292,23607,X,X,681,44806,43752,26,30,998,4985,23132,22471,X,X,658,42120,41156,25,X,939,4909,22994,22319,6,X,668,41236,40209,46,35,946
"서초구","주택_아파트",90035,90138,89447,13,X,678,254674,253296,81,X,1297,89193,89292,88643,6,X,643,249093,247830,41,X,1222,91574,91660,91075,5,X,580,253601,252444,36,X,1121
"서초구","주택_연립주택",4857,4872,4795,5,X,71,13400,13152,39,8,201,4833,4846,4772,X,X,70,13051,12823,25,8,195,4821,4833,4752,X,X,79,12810,12594,15,X,201
"서초구","주택_다세대주택",25279,25296,25010,6,X,280,52851,52355,40,X,456,25715,25733,25432,X,X,297,52548,52060,28,X,460,25871,25897,25598,X,X,296,51912,51408,20,X,484
"서초구","주택_비주거용 건물 내 주택",1116,3033,2893,17,X,123,6112,5756,177,X,179,1059,2830,2689,19,X,122,5635,5278,183,X,174,1055,2895,2779,15,X,101,5624,5311,157,X,156
"서초구","주택 이외의 거처_계",9114,10777,10184,7,21,565,16224,13377,55,2066,726,9356,11036,10464,5,26,541,16572,13599,40,2234,699,9599,11303,10767,5,22,509,16575,13835,58,2042,640
"서초구","주택 이외의 거처_오피스텔",7595,7604,7274,X,X,328,9810,9424,16,X,370,7846,7856,7552,X,X,304,10037,9698,X,X,339,8153,8160,7860,X,X,300,10356,10021,X,X,335
"강남구","계",179255,214939,211168,66,24,3681,497393,489947,598,1800,5048,181808,216165,212499,67,22,3577,494733,487446,638,1812,4837,188827,222421,218895,51,25,3450,506270,499355,468,1823,4624
"강남구","주택_계",164385,196986,194165,55,X,2766,470999,466568,506,X,3925,166621,197839,195057,55,X,2727,468265,463924,550,X,3791,173610,204119,201400,47,X,2671,480208,476071,437,36,3664
"강남구","주택_단독주택",6491,36151,34949,7,X,1195,64151,62402,60,X,1689,6212,34630,33452,8,X,1170,60843,59176,84,X,1583,6151,33908,32711,5,X,1191,58844,57142,45,36,1621
"강남구","주택_아파트",123164,123276,122480,13,X,783,333528,332259,88,X,1181,125619,125726,124912,11,X,803,335403,334123,89,X,1191,132943,133038,132299,6,X,733,351225,350088,46,X,1091
"강남구","주택_연립주택",5118,5132,5087,X,X,45,13026,12949,X,X,77,5066,5074,5030,X,X,43,12676,12597,7,X,72,4957,4968,4923,X,X,44,12211,12139,6,X,66
"강남구","주택_다세대주택",28089,28103,27546,6,X,551,51833,51056,50,X,727,28276,28294,27720,7,X,567,51297,50505,55,X,737,28123,28139,27576,9,X,554,50115,49353,72,X,690
"강남구","주택_비주거용 건물 내 주택",1523,4324,4103,29,X,192,8461,7902,308,X,251,1448,4115,3943,28,X,144,8046,7523,315,X,208,1436,4066,3891,26,X,149,7813,7349,268,X,196
"강남구","주택 이외의 거처_계",14870,17953,17003,11,24,915,26394,23379,92,1800,1123,15187,18326,17442,12,22,850,26468,23522,88,1812,1046,15217,18302,17495,X,24,779,26062,23284,31,1787,960
"강남구","주택 이외의 거처_오피스텔",12777,12799,12244,X,X,553,17423,16783,13,X,627,13184,13201,12716,X,X,483,17602,17039,14,X,549,13305,13322,12867,X,X,454,17544,17033,6,X,505
"송파구","계",227019,263270,259378,36,28,3828,629014,619711,329,2622,6352,232215,267302,263448,37,24,3793,630138,620692,342,2884,6220,234810,269591,265857,42,30,3662,625679,616529,353,2799,5998
"송파구","주택_계",209012,242360,239053,32,X,3274,599376,593426,295,12,5643,213925,246351,243088,33,X,3229,600219,594435,296,8,5480,215668,247623,244478,37,X,3104,595126,589455,319,56,5296
"송파구","주택_단독주택",7781,37620,35735,X,X,1882,72448,69142,19,X,3287,7602,36740,34881,X,X,1855,69257,66001,32,X,3224,7548,36173,34384,6,X,1782,66897,63715,41,18,3123
"송파구","주택_아파트",127795,127889,127454,X,X,431,363214,362415,26,X,773,131960,132046,131594,7,X,445,369858,369055,48,X,755,132780,132860,132432,X,X,427,368873,368146,7,X,720
"송파구","주택_연립주택",4549,4560,4538,X,X,21,12289,12254,7,X,28,4535,4544,4526,X,X,18,11895,11867,X,X,28,4503,4512,4487,X,X,25,11622,11583,X,X,39
"송파구","주택_다세대주택",67451,67518,66750,6,X,762,141690,140371,48,X,1271,68461,68531,67749,8,X,774,140245,138933,56,X,1256,69485,69549,68823,8,X,718,138761,137542,51,X,1168
"송파구","주택_비주거용 건물 내 주택",1436,4773,4576,18,X,178,9735,9244,195,12,284,1367,4490,4338,14,X,137,8964,8579,160,8,217,1352,4529,4352,22,X,152,8973,8469,220,38,246
"송파구","주택 이외의 거처_계",18007,20910,20325,X,27,554,29638,26285,34,2610,709,18290,20951,20360,X,23,564,29919,26257,46,2876,740,19142,21968,21379,5,26,558,30553,27074,34,2743,702
"송파구","주택 이외의 거처_오피스텔",16381,16385,16045,X,X,339,21051,20619,6,X,426,16637,16645,16313,X,X,331,21233,20817,7,X,409,17516,17523,17216,X,X,307,21978,21606,X,X,372
"강동구","계",149963,188073,185441,33,27,2572,447261,440323,268,2379,4291,152664,190304,187615,33,25,2631,444803,437762,263,2451,4327,155196,192312,189599,29,26,2658,443048,436034,232,2387,4395
"강동구","주택_계",140878,177457,175157,22,X,2277,430823,426667,180,26,3950,143140,179274,176960,26,X,2287,427979,423826,203,16,3934,145427,180754,178420,19,X,2313,425858,421670,153,52,3983
"강동구","주택_단독주택",9654,43796,42085,X,X,1709,84867,81851,6,26,2984,9405,43051,41363,X,X,1684,81696,78750,19,16,2911,9404,42107,40394,X,X,1712,78757,75762,X,24,2971
"강동구","주택_아파트",90993,91041,90800,6,X,235,251049,250611,51,X,387,92397,92457,92200,7,X,250,251059,250615,42,X,402,93769,93832,93609,5,X,218,251934,251529,37,X,368
"강동구","주택_연립주택",3083,3085,3078,X,X,7,8400,8386,X,X,14,3040,3045,3032,X,X,13,8132,8109,X,X,23,3125,3132,3116,X,X,16,8251,8222,X,X,29
"강동구","주택_다세대주택",36137,36175,35928,8,X,239,79954,79437,58,X,459,37299,37345,37082,8,X,255,80629,80077,64,X,488,38132,38181,37904,X,X,273,80510,79973,33,X,504
"강동구","주택_비주거용 건물 내 주택",1011,3360,3266,7,X,87,6553,6382,65,X,106,999,3376,3283,8,X,85,6463,6275,78,X,110,997,3502,3397,10,X,94,6406,6184,83,28,111
"강동구","주택 이외의 거처_계",9085,10616,10284,11,26,295,16438,13656,88,2353,341,9524,11030,10655,7,24,344,16824,13936,60,2435,393,9769,11558,11179,10,24,345,17190,14364,79,2335,412
"강동구","주택 이외의 거처_오피스텔",7642,7646,7466,X,X,180,9965,9766,X,X,199,8107,8111,7902,X,X,209,10386,10154,X,X,232,8400,8403,8200,X,X,203,10678,10440,X,X,238
